"thuoc giam dau, ha sot",Panadol Extra giảm đau hạ sốt (15 vỉ x 12 viên),"Mỗi viên nén Panadol Extra chứa:

Hoạt chất: Paracetamol 500mg, Caffeine 65mg.

Tá dược: Pregelatinised starch, Maize starch, Povidone, Potassium Sorbate,Talc, Stearic acid, Croscarmellose sodium.","Panadol Extra chứa paracetamol là một chất hạ sốt, giảm đau và caffeine là một chất tăng cường tác dụng giảm đau của paracetamol. Panadol Extra có hiệu quả trong:

Điều trị đau nhẹ đến vừa và hạ sốt bao gồm:

- Đau đầu.

- Đau nửa đầu.

- Đau cơ.

- Đau bụng kinh.

- Đau họng.

- Đau cơ xương.

- Sốt và đau sau khi tiêm vacxin.

- Đau sau khi nhổ răng hoặc sau các thủ thuật nha khoa.

- Đau răng.

- Đau do viêm xương khớp.","Người lớn (kể cả người cao tuổi) và trẻ em từ 12 tuổi trở lên. Chỉ dùng đường uống.

Nên dùng 500mg paracetamol/ 65mg caffeine đến 1000mg paracetamol/ 130mg caffeine (1 hoặc 2 viên) mỗi 4 đến 6 giờ nếu cần.

Liều tối đa hàng ngày: 4000mg/520mg (paracetamol/ caffeine).

Thời gian tối thiểu dùng liều lặp lại: 4 giờ.

Không dùng các thuốc khác có chứa paracetamol.

Không dùng quá liều chỉ định.

Trẻ em dưới 12 tuổi: không khuyến nghị dùng thuốc này cho trẻ em dưới 12 tuổi."
,"Glotadol 650 hạ sốt, giảm đau từ nhẹ đến vừa chai 200 viên","Hoạt chất: Paracetamol 650mg.

Tá dược: Tinh bột ngô, povidone K30, natri starch glycolat A, natri lauryl sulfat, magnesi stearat, hypromellose 2910, macrogol 400, propylen glycol, talc, titan dioxyd.","Hạ sốt.

Làm giảm các cơn đau từ nhẹ đến vừa như đau đầu và đau cơ thông thường, đau nhức do cảm cúm hay cảm lạnh, đau lưng, đau răng, đau do viêm khớp nhẹ và đau do hành kinh.","Người lớn và trẻ em trên 12 tuổi: uống 1 viên/lần, khoảng cách giữa các lần uống thuốc từ 4 - 6 giờ, không quá 6 viên/ngày.

Trẻ em từ 6 đến 12 tuổi: uống ½ viên/lần, khoảng cách giữa các lần uống thuốc từ 4 - 6 giờ, không quá 3 viên/ngày.
"
,"Viên sủi Efferalgan 500mg giúp giảm đau, hạ sốt (4 vỉ x 4 viên)","Paracetamol 500mg.

Tá dược: Acid citric khan, Natri carbonat khan, Natri hydrogen carbonat, Sorbitol, Natri saccharin, Natri docusat, Povidon, Natri benzoat vừa đủ cho một viên nén sủi bọt.","Thuốc dùng điều trị các chứng đau và/hoặc sốt như đau đầu, tình trạng như cúm, đau răng, nhức mỏi cơ, đau bụng kinh.","Dùng đường uống.

Hòa tan hoàn toàn viên thuốc trong một ly nước lớn và uống.

Nếu trẻ sốt trên 38,5°C, hãy làm những bước sau đây để tăng hiệu quả của thuốc điều trị:

- Cởi bỏ bớt quần áo của trẻ.

- Cho trẻ uống thêm chất lỏng.

- Không để trẻ ở nơi quá nóng.

- Nếu cần, tắm cho trẻ bằng nước ấm, có nhiệt độ thấp hơn 2°C so với thân nhiệt của trẻ.

Thời gian điều trị

Thời gian điều trị được giới hạn:

- Đến 5 ngày trong các trường hợp đau.

- Đến 3 ngày trong các trường hợp sốt.

Nếu cơn đau kéo dài hơn 5 ngày hoặc sốt kéo dài hơn 3 ngày và nếu tình trạng này xảy ra nghiêm trọng hơn hoặc có bất kỳ triệu chứng khác, không được tiếp tục sử dụng thuốc mà không có sự đồng ý của bác sĩ hoặc dược sĩ của bạn."
,"Paralmax 500mg giảm đau, hạ sốt từ nhẹ đến vừa (10 vỉ x 12 viên)","Hoạt chất: Paracetamol 500mg.

Tá dược: pregelatinized starch, natri croscarmellose, silicon dioxid, povidon K30, magnesi stearat, HPMC, PEG.","Dùng điều trị triệu chứng đau từ nhẹ đến vừa như: đau đầu, đau răng, đau bụng kinh, đau do thấp khớp, nhức mỏi cơ, cảm cúm.

- Hạ sốt trong các chứng sốt do cảm cúm hoặc do các chứng nhiễm trùng đường hô hấp.","PARALMAX được dùng bằng đường uống, không cần chú ý đến bữa ăn.

- Người lớn và trẻ em trên 12 tuổi: 1-2 viên/lần, 4-6 giờ một lần, tối đa 8 viên/ngày.

- Trẻ em 6-12 tuổi: 1/2 -1 viên/lần, 4-6 giờ một lần, tối đa 4 viên/ngày.

- Trẻ em dưới 6 tuổi: dùng dạng bào chế khác thích hợp."
,"Panadol Cảm Cúm giảm các triệu chứng sốt, đau, sung huyết mũi (15 vỉ x 12 viên)","Mỗi viên Panadol Cảm Cúm chứa:

Hoạt chất: Paracetamol 500mg, Caffeine 25mg, Phenylephrine hydrochloride 5mg.

Tá dược: Starch maize, Pre-gelatinised starch, Povidone, Eurocol Sunset yellow, Sodium lauryl sulfate, Potassium sorbate, Stearic acid, Talc, Microcrystalline cellulose, Hydroxypropyl methylcellulose, Polyethylene glycol, Titanium Dioxide, Quinoline yellow lake (El 04), Sunset yellow aluminium lake (E110).","Panadol Cảm cúm làm giảm các triệu chứng của cảm cúm như sốt, đau và xung huyết mũi.
","Chỉ dùng đường uống.

Không dùng quá liều chỉ định.

Nên sử dụng liều thấp nhất cần thiết để có hiệu quả điều trị.

Người lớn (kể cả người cao tuổi) và trẻ em từ 12 tuổi trở lên:

Nên dùng 1 hoặc 2 viên (500mg Paracetamol/25mg caffeine/5mg phenylephrine hydrochloride đến 1000mg paracetamol/50mg caffeine/10mg phenylephrine hydrochloride) mỗi lần, có thể dùng tới 4 lần/ngày.

Liều tối đa hàng ngày: 8 viên (4000mg paracetamol/200mg caffeine/40mg phenylephrine hydrochloride) trong 24 giờ.

Khoáng cách liều tối thiểu: 4 giờ.

Thời gian tối đa dùng thuốc không có tư vấn của bác sỹ: 7 ngày.

Trẻ em dưới 12 tuổi:

Không khuyến nghị dùng thuốc này cho trẻ em dưới 12 tuổi."
,Paracetamol Tab. 500mg Stella trị các triệu chứng đau từ nhẹ đến vừa (10 vỉ x 10 viên),"Thành phần hoạt chất: Paracetamol 500 mg

Thành phần tá dược: Microcrystallin cellulose, tinh bột natri glycolat, povidon K90, magnesi stearat.","Dùng trong các cơn đau từ nhẹ đến vừa và sốt, đặc biệt đối với những bệnh nhân bị chống chỉ định hay không dung nạp salicylat. Thuốc có tác động tốt trên những cơn đau nhẹ không thuộc nguồn gốc nội tạng.",Partamol Tab. 500mg được dùng bằng đường uống.
,"Bột sủi Hapacol 250 giảm đau, hạ sốt (24 gói x 1.5g)","Hoạt chất: Paracetamol 250mg.

Tá dược: Acid citric khan, manitol, đường trắng, aspartam, natri hydrocarbonat, PVP K30, màu sunset yellow, bột hương cam vừa đủ 1 gói","Hạ sốt, giảm đau cho trẻ trong các trường hợp: cảm, cúm, sốt xuất huyết, nhiễm khuẩn, nhiễm siêu vi, mọc răng, sau khi tiêm chủng, sau phẫu thuật,…","Hòa tan thuốc vào lượng nước (thích hợp cho bé) đến khi sủi hết bọt.

Cách mỗi 6 giờ uống một lần, không quá 5 lần/ngày.

Liều uống: trung bình từ 10 -15mg/kg thể trọng/lần.

Tổng liều tối đa không quá 60mg/kg thể trọng/24 giờ.

Hoặc theo phân liều sau:

Trẻ em từ 4 đến 6 tuổi: uống 1 gói/lần.

Hoặc theo chỉ dẫn của Thầy thuốc."
,"Glotadol Power giảm các cơn đau nặng, hạ sốt (10 vỉ x 10 viên)","Mỗi viên nén bao phim Glotadol Power chứa:

Hoạt chất: Paracetamol 650 mg, Cafein 65 mg

Tá dược: Natri starch glycolat A, tinh bột ngô, natri lauryl sulfat, povidon K30, silic dioxyd, talc, magnesi stearat, hypromellose 2910, macrogol 400, propylen glycol, titan dioxyd.","Thuốc được dùng giảm các cơn đau nặng như đau đầu, đau nửa đầu, đau nhức do cảm lạnh và cảm cúm, đau họng, đau lưng, đau bụng kinh, đau răng, đau do nhổ răng và đau sau khi tiêm vaccin, đau dây thần kinh, đau do viêm khớp, viêm xoang, đau cơ xương.

Thuốc còn dùng để hạ sốt nhanh chóng và hiệu quả.","Người lớn và trẻ em từ 12 tuổi trở lên: uống 1 viên/lần, khoảng cách giữa các lần uống thuốc từ 4 - 6 giờ, không dùng quá 6 viên trong vòng 24 giờ.

Nên uống trong bữa ăn hoặc sau bữa ăn."
,"Bột sủi Hapacol 150 giảm đau, hạ sốt (24 gói x 1.5g)","Hoạt chất: Paracetamol 150mg.

Tá dược: Acid citric khan, manitol, đường trắng, aspartam, natri hydrocarbonat, PVP K30, màu sunset yellow, bột hương cam vừa đủ 1 gói.","Hạ sốt, giảm đau cho trẻ trong các trường hợp: cảm, cúm, sốt xuất huyết, nhiễm khuẩn, nhiễm siêu vi, mọc răng, sau khi tiêm chủng, sau phẫu thuật,…","Hòa tan thuốc vào lượng nước (thích hợp cho bé) đến khi sủi hết bọt.

Cách mỗi 6 giờ uống một lần, không quá 5 lần/ngày.

Liều uống: trung bình từ 10 -15mg/kg thể trọng/lần.

Tổng liều tối đa không quá 60mg/kg thể trọng/24 giờ.

Hoặc theo phân liều sau:

Trẻ em từ 1 đến 3 tuổi: uống 1 gói/lần.

Hoặc theo chỉ dẫn của Thầy thuốc.

Lưu ý: Không nên kéo dài việc tự sử dụng thuốc cho trẻ mà cần có ý kiến bác sĩ khi:

- Có triệu chứng mới xuất hiện.

- Sốt cao (39.5°C) và kéo dài hơn 3 ngày hoặc tái phát.

- Đau nhiều và kéo dài hơn 5 ngày."
,"Hapacol 325 giảm đau, hạ sốt (10 vỉ x 10 viên)","Hoạt chất: Paracetamol 325mg.

Tá dược: Tinh bột biến tính, tinh bột mì, PVP K30, natri benzoat, sodium starch glycolat, magnesi stearat, talc, aerosil, màu cam E110, bột hương cam.","Điều trị các triệu chứng đau trong các trường hợp: đau đầu, đau nửa đầu, đau răng, đau nhức do cảm cúm, đau họng, đau nhức cơ xương, đau do viêm khớp, đau sau khi tiêm ngừa hay nhổ răng.

- Hạ sốt ở bệnh nhân bị cảm hay những bệnh có liên quan đến sốt.","Cách mỗi 6 giờ uống một lần.

Trẻ em từ 6 đến 12 tuổi: uống 1 viên/lần.

Người lớn và trẻ em trên 12 tuổi: uống 1 1/2 viên/lần.

Hoặc theo chỉ dẫn của Thầy thuốc.

Lưu ý:

* Liều tối đa/24 giờ:

- Đối với trẻ em: uống không quá 5 lần/ngày.

* Không nên kéo dài việc tự sử dụng thuốc mà cần có ý kiến bác sĩ khi:

- Có triệu chứng mới xuất hiện.

- Sốt cao (39,5°C) và kéo dài hơn 3 ngày hoặc tái phát.

- Đau nhiều và kéo dài hơn 5 ngày."
,"Paralmax Extra giảm đau, hạ sốt (15 vỉ x 12 viên)","Mỗi viên nén bao phim chứa:

Hoạt chất: Paracetamol 500mg, Cafein 65mg.

Tá dược: Avicel, Prejel, Kollidon K30, Primellose, magnesi stearat, HPMC 615, HPMC 606, PEG 6000, Titan dioxyd vừa đủ một viên nén bao phim.",Thuốc có tác dụng giảm đau nhẹ đến trung bình và hạ sốt.,"Cách dùng:

- PARALMAX EXTRA được dùng bằng đường uống, uống thuốc với một cốc nước đầy.

- Có thể dùng cùng hay không cùng với bữa ăn đều được. Thời gian cách nhau giữa 2 lần dùng thuốc từ 4 đến 6 giờ.

- Không được dùng paracetamol để tự điều trị giảm đau quá 10 ngày ở người lớn, trừ khi do thầy thuốc hướng dẫn, vì đau nhiều và kéo dài như vậy có thể là dấu hiệu của một tình trạng bệnh lý cần thầy thuốc chẩn đoán và điều trị.

- Không dùng paracetamol cho người bệnh sốt cao trên 39,5°C, sốt kéo dài trên 3 ngày hoặc sốt tái phát, trừ khi do thầy thuốc hướng dẫn, vì sốt có thể là dấu hiệu của bệnh nặng, sử dụng các thuốc hạ sốt có thể che lấp tình trạng bệnh của người bệnh.

Liều dùng:

Người lớn và trẻ em trên 12 tuổi: Mỗi lần uống 1 - 2 viên, ngày uống 2 - 3 lần, không quá 8 viên/ngày."
,"Hapacol 650 giảm đau, hạ sốt (10 vỉ x 5 viên)","Hoạt chất: Paracetamol 650mg.

Tá dược vừa đủ 1 viên: Tinh bột mì, tinh bột biến tính, magnesi stearat, sodium starch glycolat, talc, aerosil, bột hương dâu, PVP K30, natri benzoat.","Điều trị các triệu chứng đau trong các trường hợp: đau đầu, đau nửa đầu, đau răng, đau nhức do cảm cúm, đau họng, đau nhức cơ xương, đau do viêm khớp, đau sau khi tiêm ngừa hay nhổ răng...

Hạ sốt ở bệnh nhân bị cảm hay những bệnh có liên quan đến sốt.","Khoảng cách giữa 2 lần uống phải hơn 4 giờ và không uống quá 6 viên/ngày. Người lớn và trẻ em > 12 tuổi: uống 1 viên/lần.

Không tự ý dùng thuốc quá 3 ngày để giảm sốt hoặc quá 10 ngày để giảm đau.

Hoặc theo chỉ dẫn của Thầy thuốc.

Lưu ý:

* Liều tối đa/24 giờ: không quá 4g, khoảng cách giữa 2 lần uống thuốc phải hơn 4 giờ.

* Không nên kéo dài việc tự sử dụng thuốc mà cần có ý kiến bác sĩ khi:

- Có triệu chứng mới xuất hiện.

- Sốt cao (39,5°C) và kéo dài hơn 3 ngày hoặc tái phát.

- Đau nhiều và kéo dài hơn 5 ngày."
,"Panadol Extra With Optizorb giảm đau, hạ sốt (12 vỉ x 10 viên)","Mỗi viên nén bao phim chứa:

Hoạt chất: Paracetamol: 500mg, Caffeine: 65mg.

Tá dược: Starch pregelatinized, Povidone, Calcium carbonate, Crospovidone, Sodium methyl parahydroxybenzoate (E219), Sodium ethyl parahydroxybenzoate (E215) và Sodium propyl parahydroxybenzoate (E217), Alginic acid, Magnesium stearate, Opadry white YS-1-7003, Carnauba wax.","Panadol Extra with Optizorb chứa paracetamol là một chất hạ sốt, giảm đau và caffeine là một chất tăng cường tác dụng giảm đau của paracetamol. Panadol Extra with Optizorb có hiệu quả trong: Điều trị đau nhẹ đến vừa và hạ sốt bao gồm:

Đau đầu, đau nửa đầu, đau cơ, đau bụng kinh, đau họng, đau cơ xương, sốt và đau sau khi tiêm vắc xin, đau sau khi nhổ răng hoặc sau các thủ thuật nha khoa, đau răng, đau do viêm xương khớp.","Người lớn (kể cả người cao tuổi) và trẻ em từ 12 tuổi trở lên: Chỉ dùng đường uống.

Nên dùng 500mg paracetamol/65mg caffeine đến 1000mg paracetamol/130mg caffeine (1 hoặc 2 viên) mỗi 4 đến 6 giờ nếu cần. Liều tối đa hàng ngày: 4000mg/520mg (paracetamol/caffeine). Không dùng quá liều chỉ định. Nên sử dụng liều thấp nhất cần thiết để có hiệu quả điều trị. Thời gian tối thiểu dùng liều lặp lại: 4 giờ.

Trẻ em dưới 12 tuổi: không khuyến nghị dùng thuốc này cho trẻ em dưới 12 tuổi."
,"Hapacol 650 giảm đau, hạ sốt (10 vỉ x 10 viên)","Thành phần hoạt chất: Paracetamol 650mg.

Thành phần tá dược: Tinh bột mì, tinh bột biến tính, magnesi stearat, sodium starch glycolat, talc, aerosil, bột hương dâu, PVP K30, natri benzoat.","Hapacol 650 chỉ định trong:

- Điều trị các triệu chứng đau trong các trường hợp: đau đầu, đau nửa đầu, đau răng, đau nhức do cảm cúm, đau họng, đau nhức cơ xương, đau do viêm khớp, đau sau khi tiêm ngừa hay nhổ răng.

- Hạ sốt ở bệnh nhân bị cảm hay những bệnh có liên quan đến sốt.","Khoảng cách giữa 2 lần uống phải hơn 4 giờ và không uống quá 6 viên/ngày.

Người lớn và trẻ em >12 tuổi: uống 1 viên/lần.

Không tự ý dùng thuốc quá 3 ngày để giảm sốt hoặc quá 10 ngày để giảm dau.

Hoặc theo chỉ dẫn của thầy thuốc.

Lưu ý:

* Liều tối đa/24 giờ: không quá 4g, khoảng cách giữa 2 lần uống thuốc phải hơn 4 giờ.

* Không nên kéo dài việc tự sử dụng thuốc mà cần có ý kiến bác sĩ khi:

- Có triệu chứng mới xuất hiện.

- Sốt cao (39,5°C) và kéo dài hơn 3 ngày hoặc tái phát.

- Đau nhiều và kéo dài hơn 5 ngày.

Hoặc theo chỉ dẫn của thầy thuốc."
,"Glotadol 325mg giảm đau, hạ sốt lọ 200 viên",Hoạt chất: Paracetamol 325mg.,"Hạ sốt.

Làm giảm các cơn đau từ nhẹ đến vừa như đau đầu và đau cơ thông thường, đau nhức do cảm cúm hay cảm lạnh, đau lưng, đau răng, đau do viêm khớp nhẹ và đau do hành kinh.","Người lớn và trẻ em trên 12 tuổi: uống 2 viên/lần, khoảng cách giữa các lần uống thuốc từ 4 - 6 giờ, không quá 12 viên/ngày.

Trẻ em từ 6 đến 12 tuổi: uống 1 viên/lần, khoảng cách giữa các lần uống thuốc từ 4 - 6 giờ, không quá 6 viên/ngày."
,"Bột sủi Hapacol 80 giảm đau, hạ sốt cho trẻ (24 gói x 1.5g)","Hoạt chất: Paracetamol: 80mg.

- Tá dược vừa đủ 1 gói (Manitol, acid citric khan, aspartam, đường trắng, natri hydrocarbonat, PVP K30, bột hương cam).","Hạ sốt, giảm đau cho trẻ trong các trường hợp: cảm, cúm, sốt xuất huyết, nhiễm khuẩn, nhiễm siêu vi, mọc răng, sau khi tiêm chủng, sau phẫu thuật.","Hòa tan thuốc vào lượng nước (thích hợp cho bé) đến khi sủi hết bọt.

Cách mỗi 6 giờ uống một lần, không quá 5 lần/ ngày.

Liều uống: trung bình từ 10 - 15mg/kg thể trọng/lần.

Tổng liều tối đa không quá 60mg/kg thể trọng/24 giờ.

Hoặc theo phân liều sau:

Trẻ em từ 0 đến 3 tháng tuổi: uống 1/2 gói/ lần.

Trẻ em từ 4 đến 11 tháng tuổi: uống 1 gói/lần.

Hoặc theo chỉ dẫn của Thầy thuốc.

Lưu ý: Không nên kéo dài việc tự sử dụng thuốc cho trẻ mà cần có ý kiến bác sĩ khi:

- Có triệu chứng mới xuất hiện.

- Sốt cao (39.5°C) và kéo dài hơn 3 ngày hoặc tái phát.

- Đau nhiều và kéo dài hơn 5 ngày."
,"Thuốc cốm Agimol 325 giảm đau, hạ sốt (30 gói x 1.6g)","Mỗi gói Agimol 325 chứa:

Paracetamol 325mg.

Tá dược: Acid benzoic, Aspartam, Đường trắng, Bột hương dâu, Phẩm màu Sunset yellow lake.","Hạ sốt và giảm đau trong các trường hợp:

Nóng sốt, cảm lạnh, cảm cúm.

Nhức đầu, đau họng, đau răng, mọc răng và nhổ răng.","Thuốc dùng đường uống, thuốc được hòa tan với một ít nước trước khi dùng.

Không được dùng paracetamol để tự điều trị giảm đau quá 10 ngày ở người lớn, quá 5 ngày ở trẻ em hoặc tự điều trị sốt cao (trên 39,5°C), sốt kéo dài trên 3 ngày, sốt tái phát, trừ khi do thầy thuốc hướng dẫn."
,"Paracetamol Khahopharma 500mg giảm đau, hạ sốt (10 vỉ x 10 viên)","Mỗi viên nén chứa:

Thành phần dược chất: Paracetamol: 500mg.

Thành phần tá dược: Avicel PHI 01, Tinh bột sắn, Natri starch glycolat, Talc, Magnesi stearat.","Điều trị hạ sốt và giảm đau từ nhẹ đến vừa.

Giảm đau:

Paracetamol được dùng giảm đau tạm thời trong điều trị chứng đau nhẹ và vừa. Thuốc có hiệu quả nhất là làm giảm đau cường độ thấp có nguồn gốc không phải nội tạng.

Paracetamol không có tác dụng trị thấp khớp. Paracetamol là thuốc thay thế salicylat (được ưa thích ở người bệnh chống chỉ định hoặc không dung nạp salicylat) để giảm đau nhẹ hoặc hạ sốt.

Hạ sốt:

Paracetamol thường được dùng để giảm thân nhiệt ở người bệnh sốt do mọi nguyên nhân nhưng không làm giảm thân nhiệt ở người bình thường. Tuy vậy, liệu pháp hạ sốt nói chung không đặc hiệu, không ảnh hưởng đến tiến trình của bệnh cơ bản, và có thể che lấp tình trạng bệnh của người bệnh.","Cách dùng:

Dùng theo đường uống. Không được dùng paracetamol để tự điều trị giảm đau quá 10 ngày ở người lớn hoặc quá 5 ngày ở trẻ em, trừ khi do thầy thuốc hướng dẫn.

Không dùng paracetamol cho người lớn và trẻ em để tự điều trị sốt cao (trên 39,5°C), sốt kéo dài trên 3 ngày, hoặc sốt tái phát, trừ khi do thấy thuốc hướng dẫn."
,"Hapacol Pain giảm đau, hạ sốt từ nhẹ đến trung bình (10 vỉ x 10 viên)","Hoạt chất: Paracetamol 500mg, Ibuprofen 200mg.

Tá dược: Lactose monohydrate, microcrystalline cellulose M101, sodium starch glycolate, aerosil, talc, magnesi stearate, PVP K30, màu cam E110, màu erythrosin lake vừa đủ 1 viên.","Giảm các cơn đau nhẹ đến trung bình trong các trường hợp như: đau nửa đầu, nhức đầu, đau lưng, đau bụng kinh, đau răng, thấp khớp, đau cơ, đau khớp nhẹ, và các triệu chứng cảm cúm, viêm họng, sốt. Sản phẩm này đặc biệt thích hợp cho các chứng đau đòi hỏi phải dùng thuốc giảm đau mạnh hơn sử dụng ibuprofen hoặc paracetamol đơn độc.","Uống thuốc sau bữa ăn.

Người lớn: uống 1 viên x 2 - 3 lần/ngày.

Nếu cần thiết có thể uống 2 viên x 3 lần/ngày.

Khoảng cách giữa 2 lần dùng thuốc ít nhất là 6 giờ, không uống quá 6 viên/ngày.

Không nên dùng thuốc này quá 3 ngày. Nếu triệu chứng không hết hay nặng hơn cần đến gặp bác sĩ khám bệnh.

Hoặc theo chỉ dẫn của thầy thuốc."
,"Paracetamol Choay 500mg hạ sốt, giảm đau từ nhẹ đến vừa (10 vỉ x 10 viên)","Hoạt chất: Paracetamol 500 mg.

Tá dược: Maize starch, colloidal anhydrous silica, nipagin, nipasol, gelatin, sodium lauril sulfate, talc, magnesium stearate.",Paracetamol Choay 500mg điều trị triệu chứng đau từ nhẹ đến vừa và/hoặc các tình trạng sốt.,"Dạng bào chế này chỉ dùng cho người lớn và trẻ em cân nặng trên 25kg (khoảng 8 tuổi)

Người lớn và trẻ em cân nặng trên 50 kg (tức khoảng 15 tuổi trở lên);

Liều thường dùng là một đến hai viên 500 mg uống mỗi lần, nếu cần có thể uống lặp lại sau ít nhất là 4 giờ.

Nói chung, không cần thiết dùng hơn 3 g paracetamol (tức 6 viên) mỗi ngày. Tuy nhiên, trong trường hợp đau nặng, và theo lời khuyên bác sĩ của bạn, tổng liều có thể tăng đến 4g paracetamol (tức 8 viên) mỗi ngày.

Tuy nhiên:

- Liều paracetamol cao hơn 3 g/ngày cần có ý kiến của bác sĩ.

- Không bao giờ được dùng hơn 4 g paracetamol mỗi ngày (tính trên tất cả các thuốc có chứa paracetamol). Khoảng cách tối thiểu giữa hai lần uống là 4 giờ.

Trên trẻ em: liều dùng paracetamol phụ thuộc vào cân nặng của trẻ; tuổi chỉ để tham khảo; và cần dùng dạng thuốc thích hợp hơn.

Liều khuyên dùng mỗi ngày của paracetamol vào khoảng 60 mg/kg/ngày, chia uống trong 4 hoặc 6 lần, tức khoảng 15 mg/kg mỗi 6 giờ hoặc 10 mg/kg mỗi 4 giờ.

Đối với trẻ em cân nặng từ 27 đến 40 kg: (khoảng 8 đến 13 tuổi): liều dùng là mỗi lần uống một viên 500 mg, nếu cần có thể lặp lại mỗi 6 giờ, nhưng không quá 4 viên mỗi ngày.

Đối với trẻ em cân nặng từ 41 đến 50 kg: (khoảng 12 đến 15 tuổi); liều dùng là mỗi lần uống một viên 500 mg, nếu cần có thể lặp lại mỗi 4 giờ, nhưng không quá 6 viên mỗi ngày.

Số lần uống thuốc

Uống thuốc theo một lịch trình đều đặn có thể tránh được sự dao động của triệu chứng đau hoặc sốt.

Khoảng thời gian giữa hai lần uống thuốc:

- Trẻ em phải được cho uống thuốc đều đặn, kể cả ban đêm, và tốt nhất là cách nhau 6 giờ, hoặc tối thiểu là 4 giờ;

- Người lớn phải uống các liều thuốc cách nhau tối thiểu là 4 giờ.

Trường hợp suy chức năng thận

Khi bị suy thận nặng (độ thanh thải creatinine dưới 10 ml/phút), khoảng cách giữa hai lần uống thuốc phải là 8 giờ, và ít nhất cũng là 4 giờ. Liều lượng paracetamol không thể vượt quá 3 g (tức 6 viên) mỗi ngày."
,"Viên sủi Effer-Paralmax 325 giảm đau, hạ sốt từ nhẹ đến vừa (5 vỉ x 4 viên)","Hoạt chất: Paracetamol 325 mg.

Tá dược: Acid citric, natri hydrocarbonat, aspartam, povidon K30, natri saccharin, natri carbonat khan, natri benzoat, PEG 6000, màu vàng số 6, mùi cam.",Điều trị triệu chứng đau và hạ sốt từ nhẹ đến vừa.,"Effer-Paralmax 325 dùng bằng đường uống, cho viên vào trong nước, uống sau khi sủi bọt hoàn toàn."
,"Hapacol 650 Extra giảm đau, hạ sốt (10 vỉ x 10 viên)","Paracetamol 650mg.

Cafein 65mg.

Tá dược vừa đủ 1 viên.

(Tinh bột biến tính, avicel, tinh bột mì, sodium starch glycolat, màu erythrosin lake, talc, magnesi stearat, PVP K30, aerosil, nipagin).","Làm giảm đau trong các cơn đau như: đau đầu, đau nửa đầu, đau họng, đau bụng kinh, đau sau nhổ răng hoặc các thủ thuật nha khoa, đau răng, đau nhức cơ, gân, đau do chấn thương, đau do viêm khớp, viêm xoang, đau nhức do cảm lạnh, cảm cúm.","Người lớn và trẻ em trên 12 tuổi: uống 1 viên x 3 - 4 lần/ngày. Khoảng cách giữa hai lần uống từ 4 - 6 giờ. Không uống quá 6 viên/ngày.

Trường hợp bệnh nhân suy thận nặng (độ thanh thải creatinin < 10 ml/phút), khoảng cách giữa các liều uống phải ít nhất là 8 giờ.

Hoặc theo chỉ dẫn của Thầy thuốc.

Đọc kỹ hướng dẫn sử dụng trước khi dùng."
,"Viên đặt trực tràng Efferalgan 150mg giúp giảm đau, hạ sốt (2 vỉ x 5 viên)","Paracetamol 150mg.

Tá dược: mỡ no vừa đủ cho một viên.",Thuốc được dùng để làm giảm đau từ nhẹ đến vừa và hạ sốt. Điều trị cho trẻ em cân nặng từ 10-15 kg.,"Dùng đường trực tràng.

Nếu trẻ sốt trên 38,5°C, hãy làm những bước sau đây để tăng hiệu quả của việc dùng thuốc:

- Cởi bỏ bớt quần áo của trẻ.

- Cho trẻ uống thêm chất lỏng.

- Không để trẻ ở nơi quá nóng.

- Nếu cần, tắm cho trẻ bằng nước ấm, có nhiệt độ thấp hơn 2°C so với thân nhiệt của trẻ."
,"Glotadol Extra giảm các cơn đau nặng, hạ sốt (10 vỉ x 10 viên)","Mỗi viên nén dài bao phim chứa:

Hoạt chất: Paracetamol 500 mg, Cafein 65 mg

Tá dược: Tinh bột ngô, povidon, natri starch glycolat, natri lauryl sulfat, magnesi stearat, silic dioxyd, hypromellose, macrogol, propylen glycol, talc, titan dioxyd.","Thuốc được dùng giảm các cơn đau nặng như đau đầu, đau nửa đầu, đau nhức do cảm lạnh và cảm cúm, đau họng, đau lưng, đau bụng kinh, đau răng, đau do nhổ răng và đau sau khi tiêm vaccin, đau dây thần kinh, đau do viêm khớp, viêm xoang, đau cơ xương.

Thuốc còn dùng để hạ sốt nhanh chóng và hiệu quả.","Người lớn và trẻ em từ 12 tuổi trở lên: uống 1-2 viên/lần, khoảng cách giữa các lần uống thuốc từ 4 - 6 giờ, không dùng quá 8 viên trong vòng 24 giờ.

Trẻ em dưới 12 tuổi: tham khảo ý kiến bác sĩ.

Nên uống thuốc trong bữa ăn hoặc sau bữa ăn."
,"Viên sủi Effer-Paralmax Extra 650mg giảm đau, hạ sốt từ nhẹ đến vừa (5 vỉ x 4 viên)","Mỗi viên nén sủi bọt Effer-Paralmax Extra chứa:

Hoạt chất: Paracetamol 650mg.

Tá dược: Acid citric khan, natri hydrocarbonat khan, natri carbonat khan, natri saccharin, aspartam, Kollidon K30, PEG 6000, natri benzoate vừa đủ một viên nén sủi bọt.","Dùng điều trị triệu chứng đau từ nhẹ đến vừa như: đau đầu, đau răng, đau bụng kinh, đau do thấp khớp, nhức mỏi cơ, cảm cúm.

Hạ sốt trong các chứng sốt do cảm cúm hoặc do các chứng nhiễm trùng đường hô hấp.","Cách dùng: Dùng uống, hòa với khoảng 200 ml nước, uống ngay sau khi sủi bọt hoàn toàn và theo hướng dẫn của bác sĩ.

Liều dùng: Người lớn và trẻ em bên 12 tuổi: Mỗi lần 1 viên, 4- 6 giờ 1 lần khi cần thiết, không quá 6 viên/ngày."
,"Hapacol Sủi 500mg giảm đau, hạ sốt (4 vỉ x 4 viên)","Hoạt chất: Paracetamol 500mg.

Tá dược: Acid tartaric, acid citric khan, aspartam, PVP K30, lactose khan, natri bicarbonat, effersoda, acesulfam kali, bột hương cam, natri benzoat, polyethylen glycol 6000, talc.","Điều trị các triệu chứng đau trong các trường hợp: đau đầu, đau nửa đầu, đau răng, đau nhức do cảm cúm, đau họng, đau nhức cơ xương, đau do viêm khớp, đau sau khi tiêm ngừa hay nhổ răng.

Hạ sốt ở bệnh nhân bị cảm hay những bệnh có liên quan đến sốt.","Hòa tan viên thuốc trong lượng nước tuỳ thích đến khi hết sủi bọt. Khoảng cách giữa 2 lần uống phải hơn 4 giờ và không uống quá 8 viên/ ngày.

Người lớn và trẻ em > 12 tuổi: uống 1 viên/ lần.

Đau nhiều: người lớn có thể uống 2 viên/ lần.

Hoặc theo chỉ dẫn của Thầy thuốc.

Lưu ý:

* Liều tối đa/24 giờ:

- Đối với trẻ em: uống không quá 5 lần/ ngày.

* Không nên kéo dài việc tự sử dụng thuốc mà cần có ý kiến bác sĩ khi:

- Có triệu chứng mới xuất hiện.

- Sốt cao (39,5 độ C) và kéo dài hơn 3 ngày hoặc tái phát.

- Đau nhiều và kéo dài hơn 5 ngày."
,"Bột pha hỗn dịch uống Glotadol 250 giảm đau, hạ sốt do cảm cúm (20 gói x 2.5g)","Hoạt chất: Paracetamol 250 mg.

Tá dược: Đường trắng, sunset yellow dye, hương cam, mannitol 160C, microcrystalline cellulose & carboxymethyl cellulose
natri C91, sucralose.","Hạ sốt và giảm các cơn đau do cảm cúm hay cảm lạnh thông thường, đau đầu, đau họng, mọc răng, tiêm ngừa, cắt amiđan.","Trẻ nhỏ 1-3 tháng tuổi: dùng một liều đơn 20 mg/kg, sau đó uống liều 15-20 mg/kg cách mỗi 6-8 giờ nếu cần, liều tối đa 60 mg/kg/ngày.

Trẻ lớn hơn: uống liều 20 mg/kg cách mỗi 6-8 giờ, liều tối đa 90 mg/kg/ngày trong 48 giờ hoặc lâu hơn nếu cần thiết, sau đó dùng liều 15 mg/kg mỗi 6 giờ.

Cách dùng

Cho lượng bột thuốc tương ứng với liều dùng vào 5 ml nước, khuấy đều trước khi uống."
,"Hapacol Cảm Cúm trị các triệu chứng sốt, đau, sung huyết mũi (10 vỉ x 10 viên)","Paracetamol 500 mg

Cafein 25 mg

Phenylephrin 5 mg

Thành phần tá dược: Tinh bột mì, tinh bột biến tính, màu erythrosin lake, microcrystalline cellulose M101, natri croscarmellose, acid stearic, talc, mùi blueberry, povidon K30, natri lauryl sulfat, kali sorbat.","Hapacol Cảm Cúm dùng điều trị các triệu chứng của cảm cúm như sốt, đau, sung huyết mũi, mệt mỏi.","Người lớn và trẻ em trên 16 tuổi: uống 1 - 2 viên/ lần x 4 lần/ ngày, không sử dụng quá 8 viên/ ngày.

Lưu ý: Khoảng cách giữa 2 lần uống không được ít hơn 4 giờ.

Không uống quá 7 ngày trừ khi có chỉ định của Bác sĩ.

Không dùng cho trẻ em dưới 16 tuổi.

Hoặc theo chỉ dẫn của Thầy thuốc."
,"SaVi Alvic giảm đau, hạ sốt, kháng viêm (10 vỉ x 10 viên)","Hoạt chất: Paracetamol 325mg, Ibuprofen 200mg.

Tá dược gồm Lactose monohydrat, microcrystallin cellulose, colloidal anhydrous silica, povidon K30, talc, magnesi stearat, natri starch glycolat, natri lauryl sulfat, opadry II 33g11635 bluish green vừa đủ 1 viên","Giảm đau, kháng viêm trong các trường hợp đau cơ, khớp do chấn thương, thấp khớp, đau do viêm thần kinh như đau lưng, vẹo (sái) cổ, bong gân, căng cơ quá mức, trật khớp, đau sau giải phẫu.

Điều trị cảm sốt, nhức đầu, đau răng, đau bụng kinh, đau nhức cơ quan vận động.","Dùng cho người lớn:

- Trường hợp cấp tính: Uống 1 - 2 viên/lần; ngày 3 lần; hoặc theo sự chỉ dẫn của bác sĩ

- Trường hợp mạn tính: Uống 1 viên/lần; ngày 3 lần; hoặc theo sự chỉ dẫn của bác sĩ

Lưu ý:

Không dùng thuốc này cùng với các chế phẩm khác có chứa paracetamol hoặc ibuprofen.

Không được dùng quá liều chỉ định

Không được dùng SaVi Alvic để tự điều trị giảm đau quá 10 ngày ở người lớn, trừ khi do thầy thuốc hướng dẫn và giám sát.

Không dùng SaVi Alvic cho người lớn để tự điều trị sốt cao (trên 39.5 độ C), sốt kéo dài trên 3 ngày hoặc sốt tái phát, trừ khi do thầy thuốc hướng dẫn và giám sát."
,Paracetamol 500 Medipharco trị các triệu chứng đau từ nhẹ đến vừa (50 vỉ x 10 viên),"Thành phần dược chất: Paracetamol 500mg.

-Thành phần tá dược: Tinh bột bắp, Lactose, Sodium starch glycolate, Tinh bột sắn, Gelatin, Methylparaben, Magnesi stearat vừa đủ 1 viên.
","Paracetamol được dùng điều trị các triệu chứng đau từ nhẹ đến vừa hoặc/và sốt.

Đau:

Paracetamol được dùng giảm đau tạm thời trong điều trị chứng đau nhẹ và vừa. Thuốc có hiệu quả nhất là làm giảm đau cường độ thấp có nguồn gốc không phải nội tạng. Paracetamol không có tác dụng trị thấp khớp. Paracetamol là thuốc thay thế salicylat để giảm đau nhẹ hoặc hạ sốt.

Sốt:

Paracetamol thường được dùng để giảm thân nhiệt ở người bệnh sốt do mọi nguyên nhân nhưng không làm giảm thân nhiệt ở người bình thường. Tuy vậy, liệu pháp hạ sốt nói chung không đặc hiệu, không ảnh hưởng đến tiến trình của bệnh cơ bản và có thể che lấp tình trạng bệnh của người bệnh.","Dùng đường uống. Uống nguyên viên hoặc có thể bẻ nhỏ ra với một ít thức uống (nước, sữa, nước ép trái cây)."
,"Thuốc cốm ACEgoi trị sốt, ho, sổ mũi, nhức đầu (30 gói x 3g)","Mỗi gói 3g chứa:

Paracetamol 325mg.

Natri benzoat 100mg.

Clorpheniramin maleat 2mg.

Tá dược: Đường trắng, Lactose, Natri carboxymethyl cellulose, Aspartam, Phẩm màu Erythrosin dye, Bột hương cam.","Thuốc cốm ACEgoi chỉ định trong điều trị nóng, ho, sổ mũi, nghẹt mũi, nhức đầu.","Cách dùng: Thuốc được hòa với một ít nước trước khi dùng.

Liều dùng:

Trẻ em:

Từ 1 - 2 tuổi: Uống ¼ gói/ lần.

Từ 3 - 6 tuổi: Uống ½ gói/ lần.

Từ 7 - 12 tuổi: Uống 1 gói/ lần.

Người lớn: Uống 1 - 2 gói/ lần.

Mỗi ngày uống 3 - 4 lần."
,"Bột sủi Efferalgan 250mg giảm đau, hạ sốt (12 gói x 1,01g)","Hoạt chất: Paracetamol 250 mg.

Thành phần khác: Acid citric khan, Natri hydrogen carbonat, Sorbitol, Natri carbonat khan, Povidon, Natri docusat, Natri benzoat, Aspartam, Hương cam (một trong những thành phần của hương cam là maltodextrin: glucose), vừa đủ cho một gói 1,01 g.","Thuốc này chứa paracetamol.

Thuốc dùng điều trị các chứng đau và/hoặc sốt như đau đầu, tình trạng như cúm, đau răng, nhức mỏi cơ, đau bụng kinh. Thuốc dùng điều trị cho trẻ em cân nặng từ 17-50 kg.","Dùng đường uống.

Đổ bột thuốc vào cốc và sau đó thêm một ít đồ uống lỏng (như nước, sữa, nước trái cây), uống ngay sau khi hòa tan hoàn toàn.

Nếu trẻ sốt trên 38,5°C, hãy làm những bước sau đây để tăng hiệu quả của việc dùng thuốc.

- Cởi bỏ bớt quần áo của trẻ.

- Cho trẻ uống thêm chất lỏng.

- Không để trẻ ở nơi quá nóng

- Nếu cần, tắm cho trẻ bằng nước ấm, có nhiệt độ thấp hơn 2°C so với thân nhiệt của trẻ."
,"Dopagan 500mg giảm đau, hạ sốt từ nhẹ đến vừa lọ 100 viên","Mỗi viên nén chứa:

- Paracetamol 500mg.

- Tá dược: Tinh bột mì, starch 1500, Microcrystallin cellulose PH101, Povidon K90, Natri starch glycolat, Magnesi stearat, Natri benzoat, Talc, Nước tinh khiết.","Paracetamol dùng trong điều trị hầu hết các chứng đau từ nhẹ đến vừa và hạ sốt.

- Điều trị các chứng đau: Paracetamol được dùng giảm đau tạm thời trong điều trị chứng đau nhẹ và vừa. Thuốc có hiệu quả nhất là làm giảm đau cường độ thấp có nguồn gốc không phải nội tạng.

- Paracetamol không có tác dụng trị thấp khớp. Paracetamol là thuốc thay thế salicylat (được ưa thích ở người bệnh chống chỉ định hoặc không dung nạp salicylat) để giảm đau nhẹ hoặc hạ sốt.

* Điều trị sốt: Paracetamol thường được dùng để giảm thân nhiệt ở người bệnh sốt, khi sốt có thể có hại hoặc khi hạ sốt, người bệnh sẽ dễ chịu hơn. Tuy vậy, liệu pháp hạ sốt nói chung không đặc hiệu, không ảnh hưởng đến tiến trình của bệnh cơ bản và có thể che lấp tình trạng bệnh của người bệnh.",Cách dùng: Dùng uống.
,"Bột sủi Efferalgan 80mg giúp giảm đau, hạ sốt (12 gói x 0.52g)","Hoạt chất: Paracetamol 80mg.

Tá dược: Natri hydrogen carbonat, Acid citric khan, Natri carbonat khan, Natri docusat, Povidon, Sorbitol, Natri benzoat, Natri saccharin vừa đủ 1 gói 0.52g.","Thuốc này chứa paracetamol.

Thuốc dùng điều trị các chứng đau và/hoặc sốt như đau đầu, tình trạng như cúm, đau răng, nhức mỏi cơ. Thuốc dùng điều trị cho trẻ em cân nặng từ 6 - 20 kg.","Dùng đường uống.

Đổ bột thuốc vào cốc và sau đó thêm một ít đồ uống lỏng (như nước, sữa, nước trái cây). Uống ngay sau khi hòa tan hoàn toàn.

Nếu trẻ sốt trên 38,5°C, hãy làm những bước sau đây để tăng hiệu quả của việc dùng thuốc.

- Cởi bỏ bớt quần áo của trẻ.

- Cho trẻ uống thêm chất lỏng.

- Không để trẻ ở nơi quá nóng.

- Nếu cần, tắm cho trẻ bằng nước ấm, có nhiệt độ thấp hơn 2°C so với thân nhiệt của trẻ."
,"Glotadol 500 hạ sốt, giảm các cơn đau từ nhẹ đến vừa (10 vỉ x 10 viên)","Paracetamol 500 mg

Tá dược: Povidon K30, natri starch glycolat A, natri lauryl sulfat, magnesi stearat, hypromellose 2910, 6cps, macrogol 400, propylen glycol, talc, titan dioxyd.","Glotadol 500 chỉ định trong:

- Hạ sốt.

- Làm giảm các cơn đau từ nhẹ đến vừa như đau đầu và đau cơ thông thường, đau nhức do cảm cúm hay cảm lạnh, đau lưng, đau răng, đau do viêm khớp nhẹ và đau do hành kinh.","Người lớn và trẻ em trên 12 tuổi: uống 1 - 2 viên/lần, khoảng cách giữa các lần uống thuốc từ 4 - 6 giờ, không quá 8 viên/ngày.

Trẻ em từ 6 đến 12 tuổi: uống 0.5 - 1 viên/lần, khoảng cách giữa các lần uống thuốc từ 4 - 6 giờ, không quá 4 viên/ngày."
,"Tydol 650 hạ sốt, giảm đau từ nhẹ đến trung bình (10 vỉ x 10 viên)","Hoạt chất: Acetaminophen 650mg.

Tá dược: Tinh bột ngô, povidon K30, tinh bột tiền hồ hóa, natri starch glycolat, gelatin, silic oxyd dạng keo khan, talc, magnesi stearat, opadry II white.","Hạ sốt. Điều trị các cơn đau nhẹ đến trung bình gồm: Nhức đầu, đau do cảm lạnh và cảm cúm, đau họng, đau do hành kinh, đau sau khi tiêm ngừa hay nhổ răng, đau răng, đau nửa đầu, đau do viêm xương khớp.","Cách dùng: Dùng đường uống.

Liều dùng: uống thuốc cách mỗi 4 - 6 giờ nếu cần.

- Người lớn: uống 1 viên. Không dùng quá 6 viên/24 giờ.

- Trẻ em từ 7 - 12 tuổi: uống 1/2 viên. Không dùng quá 3 viên trong 24 giờ.

Khoảng cách tối thiểu giữa 2 lần uống: 4 giờ.

Lưu ý: Không dùng thuốc để tự điều trị giảm đau quá 10 ngày ở người lớn và quá 5 ngày ở trẻ em, hoặc sốt cao (39.5°C) quá 3 ngày trừ khi có chỉ định của bác sĩ."
,"Mexcold Imex 500 giảm đau từ nhẹ đến vừa, hạ sốt chai 200 viên","Mỗi viên nang cứng chứa:

Paracetamol 500mg.

Tá dược: Cellulose vi tinh thể, Tinh bột mì, Natri lauryl sulfat, Magnesi stearat.","Giảm đau tạm thời trong các trường hợp đau nhẹ và vừa. Thuốc có hiệu quả nhất với cơn đau cường độ thấp, có nguồn gốc không phải nội tạng.

- Giảm thân nhiệt ở bệnh nhân bị sốt.","Hàm lượng paracetamol chứa trong viên nang cứng MEXCOLD IMEX 500 không thích hợp sử dụng cho trẻ em dưới 11 tuổi.

- Người lớn và trẻ em trên 11 tuổi: uống 1 viên/lần, 3 - 4 lần/ngày, hoặc cứ 4 - 6 giờ một lần khi cần thiết. Không uống quá 8 viên trong 24 giờ."
,"Tatanol 500mg giảm đau, hạ sốt (10 vỉ x 10 viên)","Mỗi viên nén dài bao phim chứa Acetaminophen: 500mg.

Tá dược: Tinh bột ngô, PVP K30, magnesi stearat, talc, hydroxypropyl methyl cellulose, titan dioxid, macrogol 4000.","Acetaminophen được dùng rộng rãi trong điều trị các chứng đau và sốt từ nhẹ đến vừa.

Đau: Acetaminophen được dùng giảm đau tạm thời trong điều trị các chứng đau nhẹ và vừa như đau do cảm cúm, nhức đầu, đau họng, đau nhức cơ xương, đau do hành kinh, đau răng, đau nửa đầu.

Sốt: Acetaminophen được dùng để giảm thân nhiệt ở bệnh nhân sốt do mọi nguyên nhân nhưng không làm giảm thân nhiệt ở người bình thường.","Cách sử dụng: Dùng đường uống.

Không được dùng acetaminophen để tự điều trị giảm đau quá 10 ngày ở người lớn hoặc quá 5 ngày ở trẻ em, trừ khi do thầy thuốc hướng dẫn.

Không dùng acetaminophen cho người lớn và trẻ em để tự điều trị sốt cao (trên 39.5°C), sốt kéo dài trên 3 ngày, hoặc sốt tái phát, trừ khi do thầy thuốc hướng dẫn, vì sốt như vậy có thể là dấu hiệu của một bệnh nặng cần được thầy thuốc chẩn đoán nhanh chóng."
,"Tatanol Cảm Cúm trị cảm cúm, cảm lạnh (10 vỉ x 10 viên)","Dược chất:

Acetaminophen 500mg

Phenylephrine HCI 5mg

Caffeine 25mg

Tá dược

Tinh bột tiền gelatin hóa, hydroxyl propyl cellulose, natri croscarmellose, polymethacrylat, colloidal anhydrous silica, natri lauryl sulfat, magnesi stearat, sepisperse dry orange, sepifilm clear.","Thuốc được chỉ định làm giảm các triệu chứng cảm lạnh và cảm cúm như: sốt, nhức đầu, đau nhức bắp thịt, xương khớp, nghẹt mũi, chảy nước mũi, sung huyết mũi và xoang.","Người lớn và trẻ em trên 12 tuổi: 1 - 2 viên mỗi 4 - 6 giờ. Không dùng quá 8 viên trong 24 giờ. Không dùng cùng lúc với các sản phẩm khác có chứa acetaminophen.

Chế phẩm này không thích hợp với trẻ em dưới 12 tuổi.

Tham khảo ý kiến bác sĩ nếu các triệu chứng không giảm sau 5 ngày."
,"Hapacol Blue 500mg giảm đau, hạ sốt (10 vỉ x 10 viên)","Hoạt chất: Paracetamol 500 mg

Tá dược: Tinh bột mì, avicel, aerosil, magnesi stearat, sodium starch glycolat, PVP K30, natri benzoat, HPMC, PEG 6000, titan dioxyd, talc vừa đủ 1 viên","Điều trị các triệu chứng đau trong các trường hợp: đau đầu, đau nửa đầu, đau răng, đau nhức do cảm cúm, đau họng, đau nhức cơ xương, đau do viêm khớp, đau sau khi tiêm ngừa hay nhổ răng.

- Hạ sốt ở bệnh nhân bị cảm hay những bệnh có liên quan đến sốt.","Người lớn và trẻ em > 12 tuổi: uống 1 viên/ lần.

Đau nhiều: người lớn có thể uống 2 viên/ lần.

Khoảng cách giữa 2 lần uống phải hơn 4 giờ và không uống quá 8 viên/ ngày.

Hoặc theo chỉ dẫn của Thầy thuốc."
,Sara 500mg trị các chứng đau và sốt từ nhẹ đến vừa (20 vỉ x 10 viên),"Hoạt chất: Paracetamol 500mg.

Tá dược: partially pregelatinized starch (Era-Pac), pregelatinized starch (Era-Gel), magnesi stearat, povidon K-90, natri starch glycolat, methylparaben, propylparaben.","Điều trị các chứng đau và sốt từ nhẹ đến vừa. SARA hiệu quả trong:

Giảm đau trong các trường hợp: đau đầu, đau nửa đầu, đau bụng kinh, đau cơ bắp, đau họng, đau răng, đau nhức do cảm lạnh hay cảm cúm, sốt hoặc đau sau khi tiêm vắc xin, đau sau khi nhổ răng hoặc sau các thủ thuật nha khoa.

Hạ sốt.","Người lớn: uống mỗi lần từ 1 - 2 viên, 4-6 giờ mỗi lần, không quá 4 g/ngày.

Trẻ em từ 6-12 tuổi: uống mỗi lần từ 1/2 -1 viên, 4-6 giờ mỗi lần, không quá 4 lần/ ngày."
,"Hỗn dịch uống Sara hương cam 250mg/5ml giảm đau, hạ sốt chai 60ml","Hoạt chất: 5ml hỗn dịch Sara for children chứa 250mg Paracetamol.

Tá dược: Dung dịch Sorbitol, Xanthan gum, Glycerin, Magnesi nhôm Silicat, Natri Saccharin, Natri hydro phosphat, Màu vàng Sunset, Hương cam, Natri methylparaben, Natri propylparaben, Simethicone emulsion 30% w/w, Acid Phosphoric, Nước tinh khiết.",Thuốc hạ sốt và giảm đau.,"Trẻ em dưới 12 tuổi: Từ 6 - 12 tuổi : uống 1 - 2 thìa cà phê mỗi 4 giờ. Từ 1 - 6 tuổi : uống 1 thìa cà phê mỗi 4 giờ. Hay theo chỉ dẫn của thầy thuốc.

Người lớn và trẻ em trên 12 tuổi: Uống 2 - 4 thìa cà phê mỗi 4giờ, liều tối đa 4g/ngày (16 thìa cà phê/ ngày).."
,"Hỗn dịch uống Nurofen For Children 100mg/5ml giảm đau, hạ sốt chai 60ml","Mỗi 5ml chứa:

Hoạt chất: Ibuprofen 100mg.

Tá dược: Đường tinh chế, dung dịch sorbitol 70% không kết tinh, glycerin, acid citric monohydrat, irradiated light kaolin, polysorbate 80, bột agar, methyl hydroxybenzoate, propyl hydroxybenzoat, natri benzoat, saccharin natri, sunset yellow FC Edicol, hương cam D717 Bush Boake Allen, nước tinh khiết.","Nurofen for children được chỉ định để làm hạ sốt như sốt trong trường hợp cảm lạnh và cúm, và làm giảm đau như đau do mọc răng, đau răng, đau tai, đau họng, nhức đầu, các cơn đau nhẹ và bong gân.","Nurofen for children được bào chế đặc biệt dành cho trẻ em từ 3 tháng tuổi trở lên, dùng đường uống. Liều dùng hàng ngày của Nurofen for children là 20 - 30 mg/kg thể trọng chia làm nhiều liều nhỏ. Ibuprofen thường không khuyến cáo dùng cho trẻ em cân nặng dưới 7kg. Khuyến cáo đối với trẻ em cân nặng dưới 30kg không nên dùng nhiều hơn 5 muỗng cà phê (500mg) trong 24 giờ. Trẻ em dưới 3 tháng tuổi: chỉ theo lời khuyên của bác sĩ."
,"Viên sủi Effer-Paralmax 500 giảm đau từ nhẹ đến vừa, hạ sốt ","Mỗi viên nén sủi bọt Effer-Paralmax 500 chứa:

Hoạt chất: Paracetamol 500mg.

Tá dược: Acid citric khan, natri hydrocarbonat khan, natri carbonat khan, natri saccharin, aspartam, Kollidon K30, PEG 6000, natri benzoate vừa đủ một viên nén sủi bọt.","Dùng điều trị triệu chứng đau từ nhẹ đến vừa như: đau đầu, đau răng, đau bụng kinh, đau do thấp khớp, nhức mỏi cơ, cảm cúm.

Hạ sốt trong các chứng sốt do cảm cúm hoặc do các chứng nhiễm trùng đường hô hấp.

Chú ý: Mỗi viên có chứa khoảng 285,5 mg natri, cần chú ý đến khẩu phần ăn hàng ngày, trong trường hợp bệnh nhân có chỉ định ăn kiêng muối.","Dùng uống, theo sự hướng dẫn của bác sĩ, thông thường:

Người lớn và trẻ em trên 12 tuổi: Mỗi lần uống 1 - 2 viên, ngày uống 2 - 3 lần, không quá 8 viên/ngày.

Trẻ em 7-12 tuổi: Mỗi lần uống 1 viên, ngày uống 2 - 3 lần, không quá 4 viên/ngày."
,"Cốm pha dung dịch Paracetamol Stada 250mg giảm đau, hạ sốt","Dược chất: Paracetamol 250 mg

Tá dược: Saccharose, manitol, aspartam, povidon, hương cam, hương dâu, hydrogenat castor oil.","Điều trị các cơn đau từ nhẹ đến trung bình do cảm cúm, nhức đầu, đau họng, đau nhức Cơ xương, đau răng, đau nửa đầu.

- Hạ sốt trong cảm cúm và các nhiễm khuẩn đường hô hấp trên.

- Có thể phối hợp trong phương pháp điều trị nguyên nhân gây đau hoặc sốt.","Người lớn và trẻ em trên 11 tuổi: 1,5 - 2,5 gói/lần, cứ 4 - 6 giờ một lần khi cần nhưng không quá 16 gói/ngày.

Trẻ em từ 6 - 11 tuổi: 1,5 - 2 gói/lần, cứ 4 - 6 giờ một lần khi cần nhưng không quá 8 gói/ngày.

Trẻ em từ 1 - 5 tuổi: 1/2 - 1 gói/lần, cứ 4 - 6 giờ một lần khi cần nhưng không quá 4 gói/ngày.

Trẻ em từ 4 - 11 tháng tuổi: 1/3 gói/lần, cứ 4 - 6 giờ một lần khi cần nhưng không quá 2 gói/ngày.

Trẻ em từ 1 - 3 tháng tuổi: 1/4 gói/lần cứ 4 - 6 giờ một lần khi cần nhưng không quá 1 gói/ngày.

Không được dùng paracetamol để tự điều trị giảm đau quá 10 ngày ở người lớn hoặc quá 5 ngày ở trẻ em, trừ khi do thầy thuốc hướng dẫn."
,"Hỗn dịch uống Sara hương dâu 120mg/5ml giảm đau, hạ sốt cho trẻ em chai 60ml","Hoạt chất: Paracetamol 120mg.

Tá dược: Dung dịch Sorbitol, Xanthan Gum, Natri Saccharin, Natri dihydro phosphate, Màu đỏ Carmoisin, Hương dâu tây, Glycerin, Magnesi nhôm silicat, Simethicon emulsion 30% w/w, Natri methylparaben, Natri propylparaben, Acid phosphoric, Nước tinh khiết.",Thuốc hạ sốt và giảm đau cho trẻ em và trẻ sơ sinh.,"Uống mỗi 4 - 6 giờ khi cần thiết nhưng không quá 5 lần/ngày.

Trẻ em 4 tháng - 1 tuổi: 1/2 thìa cà phê (2.5ml)/ lần

Trẻ em 1 - 2 tuổi: 1 thìa cà phê (5ml)/ lần

Trẻ em 2 - 6 tuổi: 1 - 2 thìa cà phê (5- 10ml)/lần."
,"Acemol 325mg giảm đau, hạ sốt chai 40 viên","Paracetamol 325mg

Tá dược: Tinh bột sắn, povidon, colloidal silicon dioxyd, cellulose vi tinh thể, magnesi stearat, bột talc vừa đủ 1 viên nén dài.","Hạ sốt và giảm đau trong các trường hợp: Cảm cúm, sốt, đau nhức.","Theo sự chỉ dẫn của thầy thuốc, trung bình:

Người lớn: Mỗi lần uống 1 - 2 viên, ngày 3 lần hoặc cách 4 giờ.

Trẻ em trên 12 tuổi: Mỗi lần uống 1 viên, ngày 2 - 3 lần."
,"Mexcold Plus giảm đau, hạ sốt","Thành phần dược chất:

Paracetamol 500mg.

Cafein 65mg.

Thành phần tá dược: Povidon, Natri lauryl sulfat, Cellulose vi tinh thể, Crospovidon, Magnesi stearat, Hydroxypropyl methylcellulose, Talc, Titan dioxyd, Macrogol 6000, sắt oxyd.","Điều trị các triệu chứng đau như: đau đầu, đau răng, đau lưng, đau nhức bắp thịt, đau bụng kinh, đau do thấp khớp, nhức mỏi cơ.

- Hạ sốt từ nhẹ đến vừa.","Người lớn và trẻ em từ 12 tuổi trở lên: uống 1 - 2 viên x 2 - 3 lần/ngày. Không uống quá 8 viên/ngày.

- Không dùng thuốc có chứa paracetamol để tự điều trị giảm đau quá 10 ngày ở người lớn hoặc quá 5 ngày ở trẻ em, trừ khi do thầy thuốc hướng dẫn.

- Không dùng paracetamol cho người lớn và trẻ em để tự điều trị sốt cao (trên 39,5°C), sốt kéo dài trên 3 ngày hoặc sốt tái phát, trừ khi do thầy thuốc chỉ định.

Cách dùng

Uống nguyên viên với một ít nước.

Một số lưu ý đặc biệt về xử lý thuốc trước và sau khi sử dụng thuốc:

Không có yêu cầu đặc biệt về xử lý thuốc sau khi sử dụng."
,"Pacemin trị triệu chứng đau đầu, sổ mũi, hạ sốt","Paracetamol 325mg.

Clorpheniramin maleat 2mg.

(Tá dược gồm: Eragel, tinh bột sắn, amidon, gelatin, natri lauryl sulfat, magnesi stearat, bột talc, sunset yellow, tartrazine).","Điều trị triệu chứng: đau đầu, sổ mũi, hắt hơi, giảm đau nhẹ.

+ Hạ sốt.","Người lớn và trẻ em trên 12 tuổi: Uống mỗi lần 2 viên/lần, mỗi lần cách nhau 4 - 6 giờ.

+ Trẻ em 6 - 12 tuổi: Uống mỗi lần 1 viên/lần, mỗi lần cách nhau 4 - 6 giờ.

+ Trẻ dưới 6 tuổi nên dùng dạng bào chế khác với hàm lượng phù hợp hơn.

Hoặc theo chỉ dẫn của thầy thuốc

Chú ý: Khoảng cách giữa các lần uống được khuyến cáo là: cứ 4 - 6 giờ một lần khi cần thiết, nhưng không quá 4g Paracetamol (12 viên)/một ngày."
